{
 "generated_at": "2026-07-12T08:05:38.847099+00:00",
 "profile": "fx",
 "period": "2y",
 "horizon": 12,
 "n_instruments": 23,
 "overall": {
  "n": 416,
  "win_rate": 42.78846153846153,
  "avg_return": 0.02738422312143122,
  "median_return": -0.47409954208253574,
  "avg_days": 7.8798076923076925,
  "profit_factor": 1.0261896397212205,
  "total_return": 11.391836818515394,
  "sharpe": 0.043903036419099616,
  "sortino": 0.07697815142510986,
  "max_drawdown": 62.948223773828566
 },
 "by_direction": {
  "LONG": {
   "n": 306,
   "win_rate": 48.69281045751634,
   "avg_return": 0.3600426856758833,
   "median_return": -0.08964636265436618,
   "avg_days": 8.261437908496733,
   "profit_factor": 1.4666075923612674,
   "total_return": 110.17306181682031,
   "sharpe": 0.6106994296936658,
   "sortino": 1.1172387638088128,
   "max_drawdown": 27.89021994110692
  },
  "SHORT": {
   "n": 110,
   "win_rate": 26.36363636363636,
   "avg_return": -0.8980111363482265,
   "median_return": -1.30394566611512,
   "avg_days": 6.818181818181818,
   "profit_factor": 0.5032622527992213,
   "total_return": -98.7812249983049,
   "sharpe": -1.3482608106981107,
   "sortino": -2.40459750658142,
   "max_drawdown": 107.52644233079066
  }
 },
 "by_setup": {
  "BREAKOUT": {
   "n": 168,
   "win_rate": 42.857142857142854,
   "avg_return": -0.009348394487780166,
   "median_return": -0.31456165717839024,
   "avg_days": 8.363095238095237,
   "profit_factor": 0.9822388996865228,
   "total_return": -1.57053027394706,
   "sharpe": -0.04013536465375977,
   "sortino": -0.07975667323628619,
   "max_drawdown": 20.64565508569227
  },
  "TREND_FOLLOW": {
   "n": 149,
   "win_rate": 44.29530201342282,
   "avg_return": -0.11321880746811235,
   "median_return": -0.5665060483446328,
   "avg_days": 8.060402684563758,
   "profit_factor": 0.8884556281400166,
   "total_return": -16.86960231274874,
   "sharpe": -0.2209185426888387,
   "sortino": -0.3349444633787956,
   "max_drawdown": 51.48728517484951
  },
  "MEAN_REVERT_LONG": {
   "n": 21,
   "win_rate": 66.66666666666666,
   "avg_return": 1.4827005153457224,
   "median_return": 2.0642648632303686,
   "avg_days": 8.333333333333334,
   "profit_factor": 1.7966739340710967,
   "total_return": 31.136710822260174,
   "sharpe": 1.360443809351167,
   "sortino": 3.035922814093236,
   "max_drawdown": 23.76463809577016
  },
  "DIP_BUY": {
   "n": 17,
   "win_rate": 76.47058823529412,
   "avg_return": 3.9276657627937976,
   "median_return": 2.860771423829445,
   "avg_days": 7.176470588235294,
   "profit_factor": 4.9855891329465205,
   "total_return": 66.77031796749456,
   "sharpe": 2.9290658227957787,
   "sortino": 7.2640356576659775,
   "max_drawdown": 9.67622132342629
  },
  "MEAN_REVERT_SHORT": {
   "n": 61,
   "win_rate": 21.311475409836063,
   "avg_return": -1.1159845800744843,
   "median_return": -1.6750384926573876,
   "avg_days": 6.147540983606557,
   "profit_factor": 0.5119250157951899,
   "total_return": -68.07505938454354,
   "sharpe": -1.4584171390302336,
   "sortino": -2.9598269919601856,
   "max_drawdown": 80.63449572294661
  }
 }
}