{
 "generated_at": "2026-07-19T08:04:57.352447+00:00",
 "profile": "fx",
 "period": "2y",
 "horizon": 12,
 "n_instruments": 24,
 "overall": {
  "n": 427,
  "win_rate": 41.451990632318505,
  "avg_return": 0.05956839737418258,
  "median_return": -0.5826376490300479,
  "avg_days": 7.850117096018735,
  "profit_factor": 1.0515003264464267,
  "total_return": 25.43570567877593,
  "sharpe": 0.08397894972479952,
  "sortino": 0.15143951275358108,
  "max_drawdown": 61.56046998445353
 },
 "by_direction": {
  "LONG": {
   "n": 315,
   "win_rate": 46.666666666666664,
   "avg_return": 0.34743679256053805,
   "median_return": -0.19787450289918693,
   "avg_days": 8.228571428571428,
   "profit_factor": 1.3790230756801567,
   "total_return": 109.44258965656954,
   "sharpe": 0.5059290942480459,
   "sortino": 0.8997865570920901,
   "max_drawdown": 31.44126745649875
  },
  "SHORT": {
   "n": 112,
   "win_rate": 26.785714285714285,
   "avg_return": -0.7500614640874422,
   "median_return": -1.2933588096466844,
   "avg_days": 6.785714285714286,
   "profit_factor": 0.5904998094004519,
   "total_return": -84.00688397779352,
   "sharpe": -1.0203129055688323,
   "sortino": -1.9714327689460553,
   "max_drawdown": 86.41794434841641
  }
 },
 "by_setup": {
  "TREND_FOLLOW": {
   "n": 149,
   "win_rate": 44.29530201342282,
   "avg_return": 0.04078027012839605,
   "median_return": -0.4740727446833741,
   "avg_days": 8.087248322147651,
   "profit_factor": 1.0408068034943512,
   "total_return": 6.076260249131015,
   "sharpe": 0.06976635440665387,
   "sortino": 0.1204146867255429,
   "max_drawdown": 32.318886574980766
  },
  "BREAKOUT": {
   "n": 169,
   "win_rate": 42.01183431952663,
   "avg_return": 0.017360191007367624,
   "median_return": -0.3804401846581207,
   "avg_days": 8.21301775147929,
   "profit_factor": 1.0327750709139913,
   "total_return": 2.933872280245142,
   "sharpe": 0.06862293430839715,
   "sortino": 0.15108668704783215,
   "max_drawdown": 20.64565508569227
  },
  "DIP_BUY": {
   "n": 19,
   "win_rate": 68.42105263157895,
   "avg_return": 3.4619650104349464,
   "median_return": 2.860771423829445,
   "avg_days": 7.631578947368421,
   "profit_factor": 3.209380819469483,
   "total_return": 65.77733519826396,
   "sharpe": 2.311857492257545,
   "sortino": 6.553326741634114,
   "max_drawdown": 10.069430227890255
  },
  "MEAN_REVERT_SHORT": {
   "n": 63,
   "win_rate": 20.634920634920633,
   "avg_return": -1.239370071904805,
   "median_return": -1.67569134315272,
   "avg_days": 6.174603174603175,
   "profit_factor": 0.4808810239477568,
   "total_return": -78.08031453000271,
   "sharpe": -1.6191296956021237,
   "sortino": -3.265558994550531,
   "max_drawdown": 80.63449572294661
  },
  "MEAN_REVERT_LONG": {
   "n": 27,
   "win_rate": 51.85185185185185,
   "avg_return": 1.0640204622643912,
   "median_return": 0.7592134389343754,
   "avg_days": 8.333333333333334,
   "profit_factor": 1.3815493423889542,
   "total_return": 28.728552481138564,
   "sharpe": 0.734954807839568,
   "sortino": 1.7418565930148138,
   "max_drawdown": 23.93582897996698
  }
 }
}