{
 "generated_at": "2026-07-09T16:11:48.218146+00:00",
 "profile": "fx",
 "period": "2y",
 "horizon": 12,
 "n_instruments": 23,
 "overall": {
  "n": 415,
  "win_rate": 42.168674698795186,
  "avg_return": 0.08454335519708132,
  "median_return": -0.4740727446833741,
  "avg_days": 7.879518072289157,
  "profit_factor": 1.0808418645668845,
  "total_return": 35.0854924067887,
  "sharpe": 0.1278471706191679,
  "sortino": 0.23780819143785417,
  "max_drawdown": 62.948223773828566
 },
 "by_direction": {
  "LONG": {
   "n": 304,
   "win_rate": 48.35526315789473,
   "avg_return": 0.43920556055902016,
   "median_return": -0.07562119325447127,
   "avg_days": 8.25,
   "profit_factor": 1.5674526441315184,
   "total_return": 133.51849040994207,
   "sharpe": 0.6813508996357622,
   "sortino": 1.3612030481952107,
   "max_drawdown": 27.89021994110692
  },
  "SHORT": {
   "n": 111,
   "win_rate": 25.225225225225223,
   "avg_return": -0.8867837657941745,
   "median_return": -1.2994478427719731,
   "avg_days": 6.864864864864865,
   "profit_factor": 0.504632499492129,
   "total_return": -98.43299800315336,
   "sharpe": -1.3332748951530726,
   "sortino": -2.3679523993572977,
   "max_drawdown": 107.20191328709929
  }
 },
 "by_setup": {
  "MEAN_REVERT_SHORT": {
   "n": 62,
   "win_rate": 20.967741935483872,
   "avg_return": -1.0974221323686086,
   "median_return": -1.6727994235356718,
   "avg_days": 6.225806451612903,
   "profit_factor": 0.5128153296376898,
   "total_return": -68.04017220685371,
   "sharpe": -1.4359652665077507,
   "sortino": -2.885012052543217,
   "max_drawdown": 80.8177749022545
  },
  "TREND_FOLLOW": {
   "n": 149,
   "win_rate": 42.281879194630875,
   "avg_return": -0.1166769453956802,
   "median_return": -0.5665060483446328,
   "avg_days": 8.053691275167786,
   "profit_factor": 0.8849021178703202,
   "total_return": -17.384864863956352,
   "sharpe": -0.22805570962765684,
   "sortino": -0.34712034282121096,
   "max_drawdown": 51.487285174849504
  },
  "BREAKOUT": {
   "n": 166,
   "win_rate": 43.373493975903614,
   "avg_return": -0.005199441934747137,
   "median_return": -0.29718640882591574,
   "avg_days": 8.349397590361447,
   "profit_factor": 0.9901315297825706,
   "total_return": -0.8631073611680153,
   "sharpe": -0.022236757705011684,
   "sortino": -0.04419920206827932,
   "max_drawdown": 20.64565508569227
  },
  "MEAN_REVERT_LONG": {
   "n": 22,
   "win_rate": 68.18181818181817,
   "avg_return": 2.600245038113424,
   "median_return": 3.599677203342594,
   "avg_days": 8.090909090909092,
   "profit_factor": 2.4636755959719756,
   "total_return": 57.20539083849532,
   "sharpe": 1.8931589922663734,
   "sortino": 5.403339799028117,
   "max_drawdown": 23.76463809577016
  },
  "DIP_BUY": {
   "n": 16,
   "win_rate": 75.0,
   "avg_return": 4.01051537501697,
   "median_return": 2.9381512034713992,
   "avg_days": 7.5,
   "profit_factor": 4.8302687739696815,
   "total_return": 64.16824600027152,
   "sharpe": 2.8407510984796316,
   "sortino": 7.255518485585991,
   "max_drawdown": 9.67622132342629
  }
 }
}